,ScrapedName,ticker,Capitalización de mercado (intradía),Valor de empresa,P/E últimos 12 meses,Precio/beneficio anticipado,Ratio PEG (5 años previstos),Precio/ventas,Precio/valor,Valor/Ingresos de la empresa,Valor/EBITDA de empresa,Año fiscal finalizado,Trimestre más reciente,Margen de beneficios,Margen de explotación,Rentabilidad económica,Rentabilidad financiera,Ingresos,Beneficios por acción,Aumento trimestral de ingresos (interanual),Beneficio bruto,EBITDA,Ingresos netos disponibles,BPA diluido,Aumento trimestral de ganancias (interanual),Efectivo total,Efectivo total por acción,Endeudamiento total,Endeudamiento/Patrimonio total,Coeficiente de solvencia,Valor teórico contable por acción,Flujo de caja de explotación,Flujo de efectivo apalancado,Beta (5 años al mes),Cambio en 52 semanas,Cambio en 52 semanas de S&P 500,Máximo de 52 semanas,Mínimo de 52 semanas,Media móvil de 50 sesiones,Media móvil de 200 sesiones,Vol medio (3 meses),Vol medio (10 días),Acciones en circulación,Capital flotante,% de personas con información privilegiada,% de instituciones,Acciones en corto,Parcial corto,% en corto de capital flotante,% en corto de acciones en circulación,Acciones en corto (mes anterior ),Previsión de la tasa anual de dividendos,Previsión de la rentabilidad anual por dividendo,Cambio de dividendo anual de los últimos 12 meses,Rentabilidad por dividendo de los últimos 12 meses,Rentabilidad por dividendo de los últimos 5 años,Ratio de distribución de dividendos,Fecha del dividendo,Fecha de exdividendo,Último factor del split,Última fecha del split,Sector
0,"ENDESA,S.A. (ELE.MC)",ELE.MC,25580000000.0,31340000000.0,149.14,17.38,6.91,1.32,3.33,1.62,9.44,31 dic. 2019,31 dic. 2019,0.0088,0.10189999999999999,0.038700000000000005,0.0212,19320000000.0,18.25,0.0,6200000000.0,3320000000.0,171000000.0,0.16,0.0,311000000.0,0.29,6610000000.0,84.31,0.72,7.26,3180000000.0,1320000000.0,0.42,0.0941,0.0,26.26,21.57,24.73,24.1,1380000.0,2140000.0,1060000000.0,316510000.0,0.0,0.0,0.0,0.0,0.0,0.0,0.0,1.43,0.060700000000000004,0.0,0.0616,0.0,8.918800000000001,0,30 dic. 2019,0.0,0.0,Utilities
1,"EUSKALTEL, S.A. (EKT.MC)",EKT.MC,1490000000.0,2980000000.0,24.03,18.53,1.56,2.17,1.52,4.35,10.02,31 dic. 2019,31 dic. 2019,0.09050000000000001,0.19090000000000001,0.0281,0.0634,685070000.0,3.84,0.0,505800000.0,297400000.0,62020000.0,0.35,0.0,98250000.0,0.55,1620000000.0,165.14,0.42,5.5,253300000.0,88550000.0,0.62,0.0298,0.0,9.45,7.18,8.36,8.43,69330.0,133650.0,178480000.0,120680000.0,0.0,0.0,0.0,0.0,0.0,0.0,0.0,0.31,0.0386,0.0,0.0374,0.0,0.8856999999999999,0,03 feb. 2020,0.0,0.0,Communication Services
2,"APPLUS SERVICES, S.A. (APPS.MC)",APPS.MC,1450000000.0,2130000000.0,26.12,13.55,2.35,0.82,1.87,1.2,8.91,31 dic. 2019,31 dic. 2019,0.0313,0.07690000000000001,0.040999999999999995,0.0936,1780000000.0,12.43,0.0,642060000.0,239670000.0,55650000.0,0.39,0.0,157070000.0,1.1,775260000.0,94.03,1.34,5.44,248300000.0,153570000.0,0.74,-0.0859,0.0,13.19,9.96,10.91,11.25,239790.0,481340.0,142680000.0,142510000.0,0.0,0.0,0.0,0.0,0.0,0.0,0.0,0.15,0.0146,0.0,0.022000000000000002,0.0,0.3846,0,02 jul. 2019,0.0,0.0,0
3,"CELLNEX TELECOM, S.A. (CLNX.MC)",CLNX.MC,18300000000.0,22460000000.0,0.0,0.0,0.0,18.3,4.4,22.46,34.67,31 dic. 2019,31 dic. 2019,-0.0092,0.1533,0.0106,-0.006500000000000001,1000000000.0,3.38,0.0,886670000.0,647740000.0,-9240000.0,-0.03,0.0,2350000000.0,6.11,6300000000.0,124.69,4.12,10.8,419560000.0,-434240000.0,0.48,1.1297,0.0,49.18,21.91,45.14,39.18,945380.0,1650000.0,318840000.0,299870000.0,0.0,0.0,0.0,0.0,0.0,0.0,0.0,0.08,0.0017000000000000001,0.0,0.002,0.0,0.0,0,20 nov. 2019,0.0,0.0,Communication Services
4,"DURO FELGUERA, S.A. (MDF.MC)",MDF.MC,30900000.0,-64670000.0,0.0,0.0,0.0,0.07,5.05,-0.15,0.89,31 dic. 2018,30 sept. 2019,-0.1232,-0.1504,-0.0608,-1.3108000000000002,428590000.0,4.46,0.0,130669999.99999999,-72600000.0,-52800000.0,-0.653,0.0,205910000.0,2.14,108700000.0,0.0,1.07,0.06,0.0,0.0,1.52,-0.5418999999999999,0.0,0.91,0.191,0.3337,0.3295,1860000.0,2320000.0,95680000.0,89730000.0,0.0,0.0,0.0,0.0,0.0,0.0,0.0,0.0,0.0,0.0,0.0,0.0,0.0,0,17 sept. 2015,0.0,0.0,0
5,"NATURHOUSE HEALTH, S.A (NTH.MC)",NTH.MC,129490000.00000001,135340000.0,9.82,6.35,0.0,1.59,6.97,1.66,5.89,31 dic. 2019,31 dic. 2019,0.1623,0.22890000000000002,0.3259,0.7471,81670000.0,1.36,0.0,57830000.0,22980000.0,13260000.0,0.22,0.0,11260000.0,0.19,10420000.0,63.09,1.85,0.31,19680000.0,18250000.0,0.0,-0.11939999999999999,0.0,2.5,1.802,2.1797,2.0281,58440.0,56980.0,59950000.0,13800000.0,0.0,0.0,0.0,0.0,0.0,0.0,0.0,0.3,0.13269999999999998,0.0,0.1149,0.0,1.064,0,06 may. 2020,0.0,0.0,0
6,ACCIONES FOMENTO DE CONSTRUCCIO (FCC.MC),FCC.MC,4130000000.0,7640000000.0,13.59,0.0,0.0,0.64,2.24,1.19,8.05,31 dic. 2018,30 sept. 2019,0.048,0.0799,0.0294,0.1877,6430000000.0,16.21,0.0,3920000000.0,949130000.0,308620000.0,0.77,0.0,1240000000.0,3.16,4460000000.0,199.87,1.18,4.7,510530000.0,203190000.0,0.79,-0.1797,0.0,12.92,10.08,11.37,11.03,56480.0,171740.0,392260000.0,54750000.0,0.0,0.0,0.0,0.0,0.0,0.0,0.0,0.4,0.0388,0.0,0.0381,0.0,0.5797,0,14 may. 2019,0.0,0.0,Industrials
7,GENERAL DE ALQUILER DE MAQUINAR (GALQ.MC),GALQ.MC,105020000.0,0.0,0.0,0.0,0.0,0.7,0.0,0.0,0.0,31 dic. 2019,31 dic. 2019,0.26530000000000004,0.2372,0.1014,2.3573,150810000.0,0.0,0.0,105200000.0,65349999.99999999,40010000.0,-0.118,0.0,4760000.0,0.0,140690000.0,274.12,1.03,-0.31,34980000.0,30950000.0,0.0,0.4369,0.0,2.14,0.9763,1.7041,1.5794,153450.0,74640.0,63070000.0,0.0,0.0,0.0,0.0,0.0,0.0,0.0,0.0,0.0,0.0,0.0,0.0,0.0,0.0,0,0,0.0,0.0,0
8,"DEOLEO, S.A. (OLE.MC)",OLE.MC,48050000.0,599330000.0,0.0,0.0,0.0,0.08,3.11,1.05,28.13,31 dic. 2018,30 sept. 2019,-0.4394,0.092,0.0344,-1.9552,568160000.0,0.4,0.0,147040000.0,21300000.0,-249660000.0,-0.178,0.0,86520000.0,0.06,634160000.0,0.0,1.64,0.01,34290000.0,24330000.0,2.04,-0.4394,0.0,0.0946,0.0164,0.028,0.0435,60430000.0,53370000.0,1400000000.0,484700000.0,0.0,0.0,0.0,0.0,0.0,0.0,0.0,0.0,0.0,0.0,0.0,0.0,0.0,0,18 jun. 2008,0.0,0.0,0
9,"FLUIDRA, S.A. (FDR.MC)",FDR.MC,2330000000.0,3160000000.0,279.07,0.0,0.0,1.66,1.62,2.24,17.18,31 dic. 2019,31 dic. 2019,0.0059,0.05740000000000001,0.0172,0.0098,1410000000.0,7.24,0.0,721370000.0,183860000.0,8440000.0,0.04,0.0,242530000.0,1.25,1020000000.0,70.26,2.26,7.42,155540000.0,187810000.0,0.87,0.226,0.0,13.7,9.21,12.11,11.47,75220.0,129389.99999999999,194040000.0,27850000.0,0.0,0.0,0.0,0.0,0.0,0.0,0.0,0.0,0.0,0.0,0.0,0.0,0.0,0,04 oct. 2017,0.0,0.0,0
10,AAR Corp. (AIR),AIR,1270000000.0,1510000000.0,331.82,12.13,0.81,0.58,1.36,0.69,8.91,30 may. 2019,29 nov. 2019,0.0018,0.057,0.0466,0.09820000000000001,2190000000.0,63.61,0.0,329500000.0,169200000.0,90700000.0,0.11,0.0,38200000.0,1.11,293800000.0,31.88,2.64,26.81,85000000.0,142060000.0,1.21,0.0338,0.0,52.78,29.84,43.24,43.55,199820.0,234260.0,34910000.0,32460000.0,0.0543,0.9497,1370000.0,8.64,0.0584,0.0392,0.0,0.3,0.008199999999999999,0.0,0.008199999999999999,0.0,0.11449999999999999,13 ene. 2020,01 ene. 2020,0.0,0.0,0
11,ACCIONES IBERDROLA (IBE.MC),IBE.MC,69400000000.0,113600000000.0,20.62,22.06,2.05,1.97,1.79,3.22,12.53,31 dic. 2018,31 dic. 2019,0.0976,0.16940000000000002,0.0323,0.0873,35250000000.0,5.48,0.0,15440000000.0,9070000000.0,3490000000.0,0.54,0.0,2810000000.0,0.44,40690000000.0,86.22,0.79,6.18,7590000000.0,294900000.0,0.4,0.4777,0.0,11.35,7.32,10.22,9.41,19050000.0,31350000.0,6290000000.0,5800000000.0,0.0,0.0,0.0,0.0,0.0,0.0,0.0,0.37,0.034300000000000004,0.0,0.018500000000000003,0.0,0.6585,0,09 ene. 2020,0.0,0.0,Utilities
12,0,ABE.MC,0.0,0.0,0.0,0.0,0.0,0.0,0.0,0.0,0.0,0,0,0.0,0.0,0.0,0.0,0.0,0.0,0.0,0.0,0.0,0.0,0.0,0.0,0.0,0.0,0.0,0.0,0.0,0.0,0.0,0.0,0.0,0.0,0.0,0.0,0.0,0.0,0.0,0.0,0.0,0.0,0.0,0.0,0.0,0.0,0.0,0.0,0.0,0.0,0.0,0.0,0.0,0.0,0.0,0.0,0,0,0.0,0.0,0
13,"ZARDOYA OTIS, S.A. (ZOT.MC)",ZOT.MC,3240000000.0,3190000000.0,23.08,19.17,4.08,4.04,8.57,3.97,15.27,30 nov. 2019,30 nov. 2019,0.1749,0.2325,0.0,0.0,803700000.0,1.71,0.0,529700000.00000006,208800000.0,140600000.0,0.3,0.0,0.0,0.0,0.0,0.0,0.0,0.81,172390000.0,0.0,1.15,-0.0771,0.0,7.62,5.93,6.97,6.73,405460.0,425230.0,470080000.0,180560000.0,0.0,0.0,0.0,0.0,0.0,0.0,0.0,0.32,0.0472,0.0,0.04650000000000001,0.0,1.0467,0,08 ene. 2020,0.0,0.0,Industrials
14,ATRESMEDIA CORPORACION DE MEDIO (A3M.MC),A3M.MC,734600000.0,927410000.0,6.23,4.47,3.34,0.75,1.68,0.95,5.23,31 dic. 2019,31 dic. 2019,0.12060000000000001,0.1679,0.07780000000000001,0.2747,978690000.0,4.35,0.0,346190000.0,177390000.0,118030000.0,0.524,0.0,91310000.0,0.41,298110000.0,68.04,1.44,1.95,184300000.0,28260000.0,0.94,-0.32780000000000004,0.0,4.966,2.84,3.1421,3.5024,542050.0,1390000.0,225060000.0,88770000.0,0.0,0.0,0.0,0.0,0.0,0.0,0.0,0.45,0.1405,0.0,0.1605,0.0,0.38170000000000004,0,16 jun. 2020,0.0,0.0,Communication Services
15,"RENTA CORPORACION REAL ESTATE,  (REN.MC)",REN.MC,92890000.0,177610000.0,5.53,0.0,0.0,1.04,1.25,1.98,8.44,31 dic. 2019,31 dic. 2019,0.1911,0.23149999999999998,0.08380000000000001,0.24920000000000003,89550000.0,2.77,0.0,34990000.0,21030000.0,17110000.0,0.53,0.0,5720000.0,0.18,87100000.0,114.85,1.81,2.35,-31050000.0,-26100000.0,0.52,-0.1791,0.0,4.3,2.87,3.1551,3.3341,42290.0,71110.0,32110000.0,20310000.0,0.0,0.0,0.0,0.0,0.0,0.0,0.0,0.1,0.033,0.0,0.0,0.0,0.2411,0,13 nov. 2019,0.0,0.0,0
16,"LAR ESPANA REAL ESTATE SOCIMI,  (LRE.MC)",LRE.MC,596050000.0,1110000000.0,7.62,0.0,0.0,7.02,0.61,13.04,18.75,31 dic. 2019,31 dic. 2019,0.9512,0.6919,0.021400000000000002,0.08109999999999999,84880000.0,0.94,0.0,84880000.0,59030000.0,80730000.0,0.9,0.0,160530000.0,1.83,699060000.0,71.13,3.32,11.23,16800000.0,-18820000.0,0.43,-0.1673,0.0,8.2,6.36,6.9,7.37,184660.0,237830.0,87140000.0,69340000.0,0.0,0.0,0.0,0.0,0.0,0.0,0.0,0.8,0.12380000000000001,0.0,0.0949,0.0,0.8889,0,24 abr. 2019,0.0,0.0,0
17,"OBRASCON HUARTE LAIN, S.A. (OHL.MC)",OHL.MC,279610000.0,396650000.0,0.0,0.0,0.0,0.09,0.44,0.13,5.71,31 dic. 2019,31 dic. 2019,-0.0432,0.001,0.0005,-0.1802,2960000000.0,10.35,0.0,736100000.0,69430000.0,-127800000.0,-0.447,0.0,644400000.0,2.25,760600000.0,119.22,1.06,2.24,-218600000.0,133410000.0,1.99,0.0111,0.0,1.6,0.8504,1.1616,1.0759,3400000.0,3010000.0,286020000.0,198230000.0,0.0,0.0,0.0,0.0,0.0,0.0,0.0,0.0,0.0,0.0,0.3543,0.0,0.0,0,04 jul. 2016,0.0,0.0,0
18,"BARON DE LEY,S.A. (BDL.MC)",BDL.MC,422780000.0,354010000.0,16.43,0.0,0.0,4.22,1.52,3.54,11.18,31 dic. 2018,30 sept. 2019,0.257,0.2393,0.0,0.0,100110000.0,24.75,0.0,57270000.0,31670000.0,25730000.0,6.36,0.0,83150000.0,20.55,10340000.0,3.73,0.0,68.55,0.0,0.0,0.28,-0.032100000000000004,0.0,114.0,99.0,106.53,107.34,2570.0,561.0,4050000.0,345310.0,0.0,0.0,0.0,0.0,0.0,0.0,0.0,0.0,0.0,0.0,0.0,0.0,0.0,0,0,0.0,0.0,Consumer Defensive
19,CORPORACION EMPRESARIAL DE MATE (CMC.MC),CMC.MC,24900000.0,28140000.0,0.0,0.0,0.0,0.0,0.0,0.0,-1.91,31 dic. 2018,30 jun. 2019,0.0,0.0,-0.18030000000000002,-3.228,5000.0,0.0,0.0,45000.0,-14710000.0,-16120000.000000002,-1.34,0.0,529000.0,0.05,429000.0,0.0,1.61,-0.14,-6730000.0,-21860000.0,1.08,-0.3841,0.0,4.95,1.035,2.8566,2.8845,40720.0,0.0,8680000.0,2029999.9999999998,0.0,0.0,0.0,0.0,0.0,0.0,0.0,0.0,0.0,0.0,0.0,0.0,0.0,0,15 abr. 2010,0.0,0.0,0
20,"INDRA SISTEMAS S.A., SERIE A (IDR.MC)",IDR.MC,1800000000.0,2300000000.0,15.97,11.48,0.7,0.55,2.32,0.7,7.41,31 dic. 2019,31 dic. 2019,0.0371,0.0663,0.032400000000000005,0.1706,3270000000.0,18.57,0.0,788790000.0,309890000.0,121360000.0,0.64,0.0,864250000.0,4.9,1410000000.0,175.62,1.31,4.41,149500000.0,54910000.0,1.12,0.0139,0.0,11.38,6.61,10.69,9.24,643780.0,1140000.0,176320000.0,123900000.0,0.0,0.0,0.0,0.0,0.0,0.0,0.0,0.0,0.0,0.0,0.0,0.0,0.0,0,08 jul. 2014,0.0,0.0,Technology
21,"CIE AUTOMOTIVE, S.A. (CIE.MC)",CIE.MC,2380000000.0,4320000000.0,8.3,0.0,0.0,0.67,2.83,1.21,7.28,31 dic. 2019,31 dic. 2019,0.0804,0.11939999999999999,0.0611,0.2742,3580000000.0,27.7,0.0,1520000000.0,594060000.0,286530000.0,2.23,0.0,569790000.0,4.41,2120000000.0,171.74,0.84,6.52,550190000.0,315740000.0,0.0,-0.26670000000000005,0.0,25.94,16.68,19.8,21.4,251010.0,611690.0,129000000.0,53110000.0,0.0,0.0,0.0,0.0,0.0,0.0,0.0,0.74,0.041299999999999996,0.0,0.0168,0.0,0.3063,0,31 dic. 2019,0.0,0.0,Consumer Cyclical
22,"FAES FARMA, S.A. (FAE.MC)",FAE.MC,1210000000.0,1130000000.0,18.46,0.0,0.0,3.17,3.03,2.95,6.39,31 dic. 2019,31 dic. 2019,0.16690000000000002,0.42850000000000005,0.21059999999999998,0.1655,383180000.0,1.4,0.0,253200000.0,176880000.0,63960000.0,0.234,0.0,54180000.0,0.2,18430000.0,4.46,3.09,1.43,67580000.0,74140000.0,0.0,0.21780000000000002,0.0,5.48,3.35,4.9167,4.9298,348080.0,635800.0,281170000.0,266350000.00000003,0.0,0.0,0.0,0.0,0.0,0.0,0.0,0.16,0.0385,0.0,0.0051,0.0,0.6087,0,16 dic. 2019,0.0,0.0,0
23,"SACYR, S.A. (SCYR.MC)",SCYR.MC,1320000000.0,8000000000.0,7.85,0.0,0.0,0.32,1.11,1.93,13.57,31 dic. 2018,30 sept. 2019,0.0395,0.1059,0.0188,0.1368,4150000000.0000005,7.51,0.0,2270000000.0,589540000.0,163700000.0,0.297,0.0,1760000000.0,3.19,8119999999.999999,526.84,1.01,2.1,0.0,0.0,1.98,0.0339,0.0,2.792,1.96,2.607,2.4995,2200000.0,3860000.0,565670000.0,340780000.0,0.0,0.0,0.0,0.0,0.0,0.0,0.0,0.11,0.0484,0.0,0.0,0.0,0.38549999999999995,0,14 ene. 2020,0.0,0.0,Industrials
24,"EBRO FOODS, S.A. (EBRO.MC)",EBRO.MC,2710000000.0,3500000000.0,19.15,13.78,1.53,0.96,1.2,1.24,11.1,31 dic. 2019,31 dic. 2019,0.050300000000000004,0.0768,0.0329,0.0599,2820000000.0,18.3,0.0,1290000000.0,315070000.0,125710000.0,0.92,0.0,252990000.0,1.64,1090000000.0,47.4,1.55,14.7,250460000.0,32840000.000000004,0.18,-0.0801,0.0,20.22,16.97,18.43,18.97,80550.0,142320.0,153860000.0,51310000.0,0.0,0.0,0.0,0.0,0.0,0.0,0.0,0.76,0.0444,0.0,0.032400000000000005,0.0,0.6278,0,30 mar. 2020,0.0,0.0,0
25,"ACCIONA, S.A. (ANA.MC)",ANA.MC,6710000000.0,11350000000.0,19.16,25.53,0.68,0.88,1.97,1.49,8.6,31 dic. 2019,31 dic. 2019,0.046,0.09029999999999999,0.0267,0.11140000000000001,7640000000.0,140.41,0.0,5870000000.0,1320000000.0,351680000.0,6.46,0.0,2350000000.0,43.11,7140000000.0,196.22,0.98,62.84,716340000.0,-165320000.0,0.98,0.3038,0.0,124.8,87.35,106.39,96.96,91060.0,187260.0,54210000.0,20880000.0,0.0,0.0,0.0,0.0,0.0,0.0,0.0,3.52,0.030600000000000002,0.0,0.0288,0.0,0.5453,0,27 jun. 2019,0.0,0.0,0
26,DISTRIBUIDORA INTERNACIONAL DE  (DIA.MC),DIA.MC,484060000.0,2530000000.0,0.0,0.22,-3.83,0.07,0.0,0.37,-10.24,31 dic. 2019,31 dic. 2019,-0.11470000000000001,-0.0688,-0.0898,0.0,6890000000.0,1.03,0.0,1580000000.0,-246640000.0,-768630000.0,-0.119,0.0,166540000.0,0.03,2190000000.0,0.0,0.5,-0.05,60340000.0,-67150000.0,1.17,-0.8690000000000001,0.0,0.6496,0.067,0.0965,0.2405,13390000.0,13290000.0,6680000000.0,1650000000.0,0.0,0.0,0.0,0.0,0.0,0.0,0.0,0.0,0.0,0.0,2.5281000000000002,0.0,0.0,0,13 jul. 2018,0.0,0.0,0
27,"MELIA HOTELS INTERNATIONAL, S.A (MEL.MC)",MEL.MC,1360000000.0,3460000000.0,12.13,9.11,1.62,0.76,1.1,1.93,11.13,31 dic. 2019,31 dic. 2019,0.0631,0.12279999999999999,0.029500000000000002,0.0977,1790000000.0,7.86,0.0,980610000.0,311020000.0,112900000.0,0.5,0.0,330250000.0,1.46,2360000000.0,183.77,0.83,5.49,382970000.0,283400000.0,0.92,-0.3075,0.0,8.89,5.83,7.44,7.48,596850.0,1490000.0,225310000.0,107670000.0,0.0,0.0,0.0,0.0,0.0,0.0,0.0,0.18,0.029900000000000003,0.0,0.0242,0.0,0.36600000000000005,0,05 jul. 2019,0.0,0.0,0
28,BANCO DE SABADELL (SAB.MC),SAB.MC,4290000000.0,36440000000.0,6.12,4.25,2.55,1.01,0.33,8.57,0.0,31 dic. 2019,31 dic. 2019,0.18059999999999998,0.2544,0.0034999999999999996,0.061900000000000004,4250000000.0,0.77,0.0,4250000000.0,0.0,694570000.0,0.125,0.0,4740000000.0,0.84,36760000000.0,0.0,0.0,2.3,-10400000000.0,0.0,1.5,-0.21550000000000002,0.0,1.1127,0.7034,0.8891,0.9316,29840000.0,46360000.0,5610000000.0,5600000000.0,0.0,0.0,0.0,0.0,0.0,0.0,0.0,0.04,0.0513,0.0,0.0517,0.0,0.2132,0,01 abr. 2020,0.0,0.0,0
29,"RED ELECTRICA CORPORACION, S.A. (REE.MC)",REE.MC,9690000000.0,15630000000.0,13.52,13.32,6.18,4.69,2.76,7.56,9.97,31 dic. 2019,31 dic. 2019,0.3473,0.5084000000000001,0.054900000000000004,0.20600000000000002,2069999999.9999998,3.83,0.0,2029999999.9999998,1570000000.0,718040000.0,1.33,0.0,385960000.0,0.72,6540000000.0,180.83,0.79,6.52,1050000000.0,380120000.0,0.19,-0.0678,0.0,19.97,16.74,18.31,17.98,1880000.0,2750000.0,539050000.0,430820000.0,0.0,0.0,0.0,0.0,0.0,0.0,0.0,1.05,0.0605,0.0,0.06,0.0,0.7392000000000001,0,29 jun. 2020,0.0,0.0,Utilities
30,"CAIXABANK, S.A. (CABK.MC)",CABK.MC,14420000000.0,22690000000.0,8.46,6.03,0.68,1.79,0.57,2.81,0.0,31 dic. 2019,31 dic. 2019,0.2111,0.37829999999999997,0.0044,0.0694,8080000000.0,1.35,0.0,8130000000.000001,0.0,1700000000.0,0.285,0.0,25430000000.0,4.25,33650000000.0,0.0,0.0,4.2,-6450000000.0,0.0,1.21,-0.2227,0.0,3.14,1.982,2.6918,2.5698,15700000.0,24630000.0,5980000000.0,3580000000.0,0.0,0.0,0.0,0.0,0.0,0.0,0.0,0.15,0.0644,0.0,0.0621,0.0,0.3846,0,09 abr. 2020,0.0,0.0,Financial Services
31,0,DGI.MC,0.0,0.0,0.0,0.0,0.0,0.0,0.0,0.0,0.0,0,0,0.0,0.0,0.0,0.0,0.0,0.0,0.0,0.0,0.0,0.0,0.0,0.0,0.0,0.0,0.0,0.0,0.0,0.0,0.0,0.0,0.0,0.0,0.0,0.0,0.0,0.0,0.0,0.0,0.0,0.0,0.0,0.0,0.0,0.0,0.0,0.0,0.0,0.0,0.0,0.0,0.0,0.0,0.0,0.0,0,0,0.0,0.0,0
32,0,TEC.MC,0.0,0.0,0.0,0.0,0.0,0.0,0.0,0.0,0.0,0,0,0.0,0.0,0.0,0.0,0.0,0.0,0.0,0.0,0.0,0.0,0.0,0.0,0.0,0.0,0.0,0.0,0.0,0.0,0.0,0.0,0.0,0.0,0.0,0.0,0.0,0.0,0.0,0.0,0.0,0.0,0.0,0.0,0.0,0.0,0.0,0.0,0.0,0.0,0.0,0.0,0.0,0.0,0.0,0.0,0,0,0.0,0.0,0
33,"PHARMA MAR, S.A. (PHM.MC)",PHM.MC,962170000.0,0.0,0.0,0.0,0.0,10.83,44.72,0.0,0.0,31 dic. 2019,31 dic. 2019,-0.12810000000000002,-0.20629999999999998,-0.08109999999999999,-0.7365,88840000.0,0.0,0.0,80680000.0,-12280000.0,-9160000.0,-0.025,0.0,20890000.0,0.0,82730000.0,0.0,0.83,0.1,-26140000.0,-6260000.0,1.26,1.8508000000000002,0.0,5.0,1.351,4.2372,2.747,2990000.0,2910000.0,221800000.0,0.0,0.0,0.0,0.0,0.0,0.0,0.0,0.0,0.0,0.0,0.0,0.0,0.0,0.0,0,0,0.0,0.0,0
34,"MIQUEL Y COSTAS &amp; MIQUEL, S.A. (MCM.MC)",MCM.MC,403060000.0,437540000.0,10.22,0.0,0.0,1.52,1.5,1.65,6.61,31 dic. 2019,31 dic. 2019,0.1484,0.1838,0.0751,0.14250000000000002,264300000.0,8.76,0.0,178610000.0,66160000.0,39220000.0,1.3,0.0,44310000.0,1.47,70370000.0,25.08,2.92,8.88,43730000.0,10320000.0,0.0,-0.2212,0.0,16.96,12.82,15.05,15.61,15420.0,52930.0,30350000.0,16540000.0,0.0,0.0,0.0,0.0,0.0,0.0,0.0,0.44,0.0326,0.0,0.0106,0.0,0.611,0,10 dic. 2019,0.0,0.0,0
35,ABENGOA CLASE B (ABG-P.MC),ABG-P.MC,0.0,0.0,0.0,0.0,0.0,0.0,0.0,0.0,0.0,0,0,0.0,0.0,0.0,0.0,0.0,0.0,0.0,0.0,0.0,0.0,0.0,0.0,0.0,0.0,0.0,0.0,0.0,0.0,0.0,0.0,0.0,0.0,0.0,0.0147,0.0069,0.01,0.0096,114840000.0,65120000.00000001,0.0,0.0,0.0,0.0,0.0,0.0,0.0,0.0,0.0,0.0,0.0,0.0,0.0,0.0,0.0,0,0,0.0,0.0,0
36,CORPORACION FINANCIERA ALBA S.A (ALB.MC),ALB.MC,2430000000.0,2330000000.0,16.41,0.0,0.0,11.68,0.59,11.2,15.85,31 dic. 2018,30 sept. 2019,0.7138,0.6368,0.0188,0.0367,207900000.0,3.56,0.0,229300000.0,146920000.0,148400000.0,2.54,0.0,260000000.0,4.41,139000000.0,3.26,11.03,70.33,0.0,0.0,0.62,-0.0934,0.0,49.95,39.2,45.48,46.05,14170.0,46070.0,58240000.0,16350000.000000002,0.0,0.0,0.0,0.0,0.0,0.0,0.0,1.0,0.0253,0.0,0.0248,0.0,0.3937,0,25 oct. 2019,0.0,0.0,Financial Services
37,"BOLSAS Y MERCADOS ESPANOLES,SOC (BME.MC)",BME.MC,2860000000.0,2570000000.0,22.52,0.0,0.0,9.59,7.09,8.62,15.14,31 dic. 2018,30 sept. 2019,0.4263,0.5579,0.0078000000000000005,0.3029,298450000.0,3.61,0.0,263500000.0,169790000.0,127230000.0,1.53,0.0,294950000.0,3.55,25900000.0,6.41,1.02,4.86,116600000.0,108300000.0,0.66,0.35869999999999996,0.0,36.0,20.5,34.78,29.68,228500.0,379440.0,83010000.0,72430000.0,0.0,0.0,0.0,0.0,0.0,0.0,0.0,2.17,0.0635,0.0,0.045700000000000005,0.0,1.0261,0,24 dic. 2019,0.0,0.0,Financial Services
38,"VIDRALA, S.A. (VID.MC)",VID.MC,2520000000.0,2750000000.0,17.67,0.0,0.0,2.49,3.48,2.71,10.19,31 dic. 2019,31 dic. 2019,0.1417,0.1782,0.0786,0.21489999999999998,1010000000.0,37.2,0.0,654830000.0,269430000.0,143280000.0,5.27,0.0,28800000.0,1.06,363690000.0,50.28,1.21,26.74,227350000.0,68860000.0,0.51,0.1038,0.0,100.0,75.7,95.57,86.21,14720.0,25810.0,27030000.0,15300000.0,0.0,0.0,0.0,0.0,0.0,0.0,0.0,1.13,0.012700000000000001,0.0,0.0126,0.0,0.20079999999999998,0,12 feb. 2020,0.0,0.0,Consumer Cyclical
39,"BODEGAS RIOJANAS,S.A. (RIO.MC)",RIO.MC,18310000.0,43040000.0,0.0,0.0,0.0,0.94,0.91,2.2,64.78,31 dic. 2018,30 sept. 2019,-0.0207,-0.030299999999999997,0.0,0.0,19550000.0,4.06,0.0,9760000.0,664500.0,-405000.0,-0.084,0.0,102000.0,0.02,24700000.0,121.39,0.0,4.19,0.0,0.0,0.14,-0.2621,0.0,5.25,3.8,4.26,4.4627,1180.0,1620.0,4820000.0,2690000.0,0.0,0.0,0.0,0.0,0.0,0.0,0.0,0.0,0.0,0.0,0.0368,0.0,0.0,0,14 jul. 2017,0.0,0.0,Consumer Defensive
40,"ENCE ENERGIA Y CELULOSA, S.A. (ENC.MC)",ENC.MC,843120000.0,1320000000.0,173.5,0.0,0.0,1.17,1.23,1.83,11.09,31 dic. 2019,31 dic. 2019,0.0128,0.0367,0.0094,0.0168,718240000.0,3.12,0.0,413730000.0,118710000.0,9210000.0,0.02,0.0,226700000.0,0.98,745700000.0,110.49,1.1,2.82,176500000.0,-142490000.0,1.12,-0.4767,0.0,6.36,3.042,3.6896,3.5906,2040000.0,3530000.0,242980000.0,146460000.0,0.0,0.0,0.0,0.0,0.0,0.0,0.0,0.31,0.09369999999999999,0.0,0.0308,0.0,5.8333,0,17 sept. 2019,0.0,0.0,Basic Materials
41,"IBERPAPEL GESTION,S.A. (IBG.MC)",IBG.MC,253680000.0,179830000.0,11.18,0.0,0.0,1.19,0.94,0.84,5.48,31 dic. 2019,31 dic. 2019,0.1014,0.1038,0.0364,0.083,213710000.0,20.29,0.0,130100000.0,32820000.0,21680000.0,2.06,0.0,147490000.0,13.51,70670000.0,26.48,3.59,24.43,25570000.0,-13830000.0,0.61,-0.227,0.0,31.4,22.5,25.01,25.55,5430.0,8039.999999999999,11030000.0,9070000.0,0.0,0.0,0.0,0.0,0.0,0.0,0.0,0.55,0.0234,0.0,0.0129,0.0,0.3006,0,12 may. 2020,0.0,0.0,Basic Materials
42,VOCENTO (VOC.MC),VOC.MC,135230000.0,254040000.0,22.4,0.0,0.0,0.34,0.64,0.64,6.15,31 dic. 2019,31 dic. 2019,0.0159,0.0563,0.028999999999999998,0.044800000000000006,393580000.0,3.15,0.0,206070000.0,41330000.0,6250000.0,0.05,0.0,17700000.0,0.14,63310000.0,22.44,0.91,1.75,34730000.0,21000000.0,0.0,-0.231,0.0,1.47,1.08,1.1643,1.2145,43400.0,49180.0,120740000.0,64050000.0,0.0,0.0,0.0,0.0,0.0,0.0,0.0,0.04,0.032,0.0,0.0292,0.0,0.4475,0,12 may. 2020,0.0,0.0,Communication Services
43,"TELEFONICA,S.A. (TEF.MC)",TEF.MC,27860000000.0,86510000000.0,31.93,6.54,0.38,0.56,1.6,1.75,6.77,31 dic. 2019,31 dic. 2019,0.0232,0.109,0.0288,0.0635,49310000000.0,9.63,0.0,29460000000.0,12770000000.0,860000000.0,0.17,0.0,8430000000.0,1.65,59590000000.0,234.15,0.81,3.35,15020000000.0,3720000000.0,0.96,-0.2884,0.0,7.9,5.24,6.12,6.53,32880000.000000004,32630000.000000004,5190000000.0,5100000000.0,0.0,0.0,0.0,0.0,0.0,0.0,0.0,0.4,0.07490000000000001,0.0,0.0757,0.0,2.3529,0,17 dic. 2019,0.0,0.0,0
44,"AMPER, S.A. (AMP.MC)",AMP.MC,252240000.0,237270000.0,11.82,0.0,0.0,1.37,4.3,1.29,8.39,31 dic. 2019,31 dic. 2019,0.11230000000000001,0.11660000000000001,0.0791,0.4325,183670000.0,0.18,0.0,115480000.0,28290000.0,20630000.0,0.02,0.0,28890000.0,0.03,16399999.999999998,27.62,1.02,0.05,69390000.0,40910000.0,1.29,-0.1231,0.0,0.304,0.225,0.2691,0.2707,3510000.0,5660000.0,1070000000.0000001,932450000.0,0.0,0.0,0.0,0.0,0.0,0.0,0.0,0.0,0.0,0.0,0.0,0.0,0.0,0,01 jul. 2009,0.0,0.0,0
45,CLINICA BAVIERA S.A. (CBAV.MC),CBAV.MC,200510000.0,211670000.0,15.57,0.0,0.0,1.61,6.51,1.7,8.7,31 dic. 2019,31 dic. 2019,0.10289999999999999,0.14730000000000001,0.14550000000000002,0.43320000000000003,124330000.0,7.68,0.0,61950000.0,24330000.0,12790000.0,0.79,0.0,6490000.0,0.4,12260000.0,39.79,0.4,1.89,25400000.0,23810000.0,0.42,-0.052199999999999996,0.0,14.85,11.95,13.1,13.55,2110.0,2930.0,16300000.0,1640000.0,0.0,0.0,0.0,0.0,0.0,0.0,0.0,0.58,0.045700000000000005,0.0,0.045700000000000005,0.0,0.7572,0,11 jun. 2019,0.0,0.0,Healthcare
46,0,GAM.MC,0.0,0.0,0.0,0.0,0.0,0.0,0.0,0.0,0.0,0,0,0.0,0.0,0.0,0.0,0.0,0.0,0.0,0.0,0.0,0.0,0.0,0.0,0.0,0.0,0.0,0.0,0.0,0.0,0.0,0.0,0.0,0.0,0.0,0.0,0.0,0.0,0.0,0.0,0.0,0.0,0.0,0.0,0.0,0.0,0.0,0.0,0.0,0.0,0.0,0.0,0.0,0.0,0.0,0.0,0,0,0.0,0.0,0
47,"AMADEUS IT GROUP, S.A. (AMS.MC)",AMS.MC,27000000000.0,30120000000.0,24.28,23.46,4.99,4.85,7.18,5.41,13.49,31 dic. 2019,31 dic. 2019,0.1998,0.26489999999999997,0.0898,0.3186,5570000000.0,12.91,0.0,2600000000.0,2230000000.0,1110000000.0,2.58,0.0,575300000.0,1.33,3570000000.0,94.12,0.49,8.72,1800000000.0,863170000.0,0.0,-0.042800000000000005,0.0,78.82,58.22,72.51,69.98,1660000.0,2520000.0,431020000.0,433350000.0,0.0,0.0,0.0,0.0,0.0,0.0,0.0,1.23,0.0196,0.0,0.0105,0.0,0.4554,0,15 ene. 2020,0.0,0.0,Technology
48,"EDREAMS ODIGEO, S.A. (EDR.MC)",EDR.MC,410820000.0,770030000.0,9.42,0.0,0.0,0.69,0.91,1.29,6.79,31 mar. 2019,31 dic. 2019,0.081,0.1703,0.0525,0.1128,596000000.0,5.43,0.0,470690000.0,113390000.0,48290000.0,0.396,0.0,71690000.0,0.65,436730000.0,96.41,0.54,4.11,115550000.0,72890000.0,1.89,0.3188,0.0,5.46,2.455,4.7569,4.2378,122480.0,304870.0,110140000.0,57790000.0,0.0,0.0,0.0,0.0,0.0,0.0,0.0,0.0,0.0,0.0,0.0,0.0,0.0,0,0,0.0,0.0,Consumer Cyclical
49,0,NAT.MC,0.0,0.0,0.0,0.0,0.0,0.0,0.0,0.0,0.0,0,0,0.0,0.0,0.0,0.0,0.0,0.0,0.0,0.0,0.0,0.0,0.0,0.0,0.0,0.0,0.0,0.0,0.0,0.0,0.0,0.0,0.0,0.0,0.0,0.0,0.0,0.0,0.0,0.0,0.0,0.0,0.0,0.0,0.0,0.0,0.0,0.0,0.0,0.0,0.0,0.0,0.0,0.0,0.0,0.0,0,0,0.0,0.0,0
50,"RENTA 4 BANCO, S.A. (R4.MC)",R4.MC,254820000.0,-877320000.0,14.31,0.0,0.0,1.69,2.47,-5.81,0.0,31 dic. 2019,31 dic. 2019,0.11800000000000001,0.1392,0.0113,0.1749,151120000.0,3.72,0.0,86680000.0,0.0,17830000.0,0.44,0.0,1170000000.0,28.87,30740000.0,29.49,1.16,2.55,244850000.0,0.0,0.3,-0.16579999999999998,0.0,7.78,6.26,6.73,6.76,4310.0,4980.0,40580000.0,13540000.0,0.0,0.0,0.0,0.0,0.0,0.0,0.0,0.4,0.0617,0.0,0.0435,0.0,0.7504000000000001,0,21 nov. 2019,0.0,0.0,Financial Services
51,"REPSOL,  S.A. (REP.MC)",REP.MC,16270000000.0,26970000000.0,0.0,6.84,-65.5,0.38,0.62,0.63,8.46,31 dic. 2019,31 dic. 2019,-0.0898,0.026000000000000002,0.0116,-0.135,42480000000.0,27.44,0.0,11380000000.0,3190000000.0,-3840000000.0,-2.48,0.0,5950000000.0,4.0,17470000000.0,69.29,1.09,16.78,4850000000.0,-222880000.0,1.12,-0.3146,0.0,15.66,9.97,12.56,13.8,8880000.0,19620000.0,1570000000.0,1350000000.0,0.0,0.0,0.0,0.0,0.0,0.0,0.0,0.93,0.0909,0.0,0.0976,0.0,0.0,0,17 dic. 2019,0.0,0.0,Energy
52,"GRUPO EMPRESARIAL SAN JOSE, S.A (GSJ.MC)",GSJ.MC,345940000.0,0.0,26.08,0.0,0.0,0.36,3.3,0.0,0.0,31 dic. 2019,31 dic. 2019,0.1698,0.0084,0.005,2.0796,958400000.0,0.0,0.0,285410000.0,18890000.0,162770000.0,0.2,0.0,315810000.0,0.0,188950000.0,115.87,1.23,1.61,17430000.0,25500000.0,0.0,-0.1028,0.0,9.33,5.18,6.13,6.66,105830.0,130440.0,65030000.0,0.0,0.0,0.0,0.0,0.0,0.0,0.0,0.0,0.0,0.0,0.0,0.0,0.0,0.0,0,0,0.0,0.0,Industrials
53,SOLARIA ENERGIA Y MEDIO AMBIENT (SLR.MC),SLR.MC,1160000000.0,1310000000.0,48.74,0.0,0.0,28.0,6.27,31.73,46.1,31 dic. 2019,31 dic. 2019,0.5777,0.3433,0.0178,0.1311,41320000.0,0.33,0.0,41320000.0,28450000.0,23870000.0,0.19,0.0,118340000.0,0.94,347920000.0,180.03,1.71,1.48,14570000.0,-37950000.0,0.0,0.7467,0.0,10.25,4.0,8.63,6.94,682940.0,1400000.0,124950000.0,61350000.0,0.0,0.0,0.0,0.0,0.0,0.0,0.0,0.0,0.0,0.0,0.0,0.0,0.0,0,03 oct. 2011,0.0,0.0,Utilities
54,INMOBILIARIA DEL SUR S.A. (ISUR.MC),ISUR.MC,158290000.0,339470000.0,41.96,0.0,0.0,1.25,1.5,2.72,28.64,31 dic. 2018,30 sept. 2019,0.030299999999999997,0.0719,0.0,0.0379,124620000.0,7.4,0.0,32369999.999999996,11850000.0,3770000.0,0.53,0.0,36600000.0,2.17,216100000.0,215.88,0.0,6.26,0.0,0.0,0.0,-0.13640000000000002,0.0,11.85,9.32,10.31,10.09,3820.0,2550.0,16840000.0,8289999.999999999,0.0,0.0,0.0,0.0,0.0,0.0,0.0,0.34,0.0358,0.0,0.0158,0.0,0.46549999999999997,0,13 ene. 2020,0.0,0.0,Real Estate
55,"NH HOTEL GROUP, S.A. (NHH.MC)",NHH.MC,1970000000.0,2180000000.0,21.91,19.38,0.85,1.15,1.62,1.27,3.85,31 dic. 2019,31 dic. 2019,0.0524,0.1577,0.048600000000000004,0.0668,1720000000.0,4.39,0.0,1190000000.0,567470000.0,89910000.0,0.23,0.0,289340000.0,0.74,455600000.0,35.72,0.85,3.12,505260000.0,432500000.0,1.31,-0.0099,0.0,5.34,4.05,5.15,4.66,54070.0,128080.00000000001,391810000.0,22360000.0,0.0,0.0,0.0,0.0,0.0,0.0,0.0,0.15,0.0288,0.0,0.03,0.0,0.6535,0,12 jun. 2019,0.0,0.0,0
56,COMPANIA DE DISTRIBUCION INTEGR (LOG.MC),LOG.MC,2420000000.0,979710000.0,14.57,12.61,-10.67,0.23,4.38,0.09,3.57,30 sept. 2019,31 dic. 2019,0.016,0.019,0.0184,0.3008,10330000000.0,78.16,0.0,635140000.0,274180000.0,165830000.0,1.25,0.0,1560000000.0,11.76,70000000.0,12.59,0.86,4.17,0.0,0.0,0.34,-0.1791,0.0,21.96,16.87,20.19,19.47,134620.0,261950.0,132100000.0,66019999.99999999,0.0,0.0,0.0,0.0,0.0,0.0,0.0,1.14,0.0613,0.0,0.066,0.0,0.912,0,27 ago. 2019,0.0,0.0,0
57,"GRUPO CATALANA OCCIDENTE, S.A. (GCO.MC)",GCO.MC,3320000000.0,2660000000.0,8.62,0.0,0.0,0.79,0.96,0.63,4.43,31 dic. 2019,31 dic. 2019,0.09210000000000002,0.13390000000000002,0.0225,0.12029999999999999,4190000000.0000005,35.56,0.0,1680000000.0,601220000.0,385940000.0,3.27,0.0,1350000000.0,11.49,340280000.0,8.84,0.75,29.49,513460000.00000006,409400000.0,0.77,-0.1282,0.0,34.6,26.6,30.16,31.02,39670.0,106810.0,117910000.0,41320000.0,0.0,0.0,0.0,0.0,0.0,0.0,0.0,1.62,0.057999999999999996,0.0,0.0309,0.0,0.2559,0,11 may. 2020,0.0,0.0,Financial Services
58,"ABENGOA, S.A. (ABG.MC)",ABG.MC,183100000.0,2450000000.0,0.39,0.0,0.0,0.12,0.0,1.58,10.22,31 dic. 2018,30 sept. 2019,0.5698,0.1247,0.028900000000000002,0.0,1560000000.0,0.08,0.0,820500000.0,239740000.0,920170000.0,0.047,0.0,359000000.0,0.02,2220000000.0,0.0,0.68,-0.12,62130000.0,524559999.99999994,1.22,-0.28850000000000003,0.0,0.03,0.0162,0.0205,0.0199,7290000.0,6050000.0,1620000000.0,18240000000.0,0.0,0.0,0.0,0.0,0.0,0.0,0.0,0.0,0.0,0.0,0.0,0.0,0.0,0,17 abr. 2015,0.0,0.0,0
59,ELECNOR S.A. (ENO.MC),ENO.MC,790890000.0,2490000000.0,10.25,0.0,0.0,0.34,1.58,1.08,10.56,31 dic. 2018,30 sept. 2019,0.0336,0.0731,0.0,0.0,2300000000.0,27.14,0.0,1160000000.0,236020000.0,77140000.0,0.91,0.0,384020000.0,4.54,1740000000.0,205.12,0.0,5.92,0.0,0.0,0.43,-0.239,0.0,12.36,9.02,10.06,10.34,12020.0,18580.0,84680000.0,36320000.0,0.0,0.0,0.0,0.0,0.0,0.0,0.0,0.32,0.0342,0.0,0.0269,0.0,0.3455,0,09 dic. 2019,0.0,0.0,0
60,"AENA, S.M.E., S.A. (AENA.MC)",AENA.MC,21760000000.0,28130000000.0,15.09,16.03,2.94,4.88,3.4,6.31,10.38,31 dic. 2019,31 dic. 2019,0.3235,0.4368,0.0817,0.2331,4460000000.0,29.72,0.0,3840000000.0,2710000000.0,1440000000.0,9.61,0.0,240600000.0,1.6,7060000000.0,110.57,0.36,42.71,2109999999.9999998,930270000.0,0.67,-0.09119999999999999,0.0,179.9,140.0,166.16,166.9,207890.0,394910.0,150000000.0,69830000.0,0.0,0.0,0.0,0.0,0.0,0.0,0.0,7.58,0.052300000000000006,0.0,0.053,0.0,0.7211,0,09 abr. 2020,0.0,0.0,0
61,"BIOSEARCH, S.A. (BIO.MC)",BIO.MC,61660000.0,54120000.0,107.8,0.0,0.0,2.7,2.08,2.37,22.25,31 dic. 2019,31 dic. 2019,0.027700000000000002,0.04,0.0174,0.0269,22810000.0,0.36,0.0,14770000.0,2430000.0,631000.0,0.01,0.0,381000.0,0.01,4330000.0,18.23,2.92,0.52,1250000.0,-2049999.9999999998,0.0,-0.2725,0.0,1.49,0.885,1.2355,1.0521,322240.0,394610.0,57190000.0,27440000.0,0.0,0.0,0.0,0.0,0.0,0.0,0.0,0.0,0.0,0.0,0.0,0.0,0.0,0,0,0.0,0.0,Healthcare
62,CONSTRUCCIONES Y AUXILIAR DE FE (CAF.MC),CAF.MC,1310000000.0,1770000000.0,53.12,0.0,0.0,0.5,1.79,0.68,8.6,31 dic. 2019,31 dic. 2019,0.0095,0.0479,0.0188,0.0334,2610000000.0,75.99,0.0,1240000000.0,205830000.0,24750000.0,0.72,0.0,634130000.0,18.45,1070000000.0000001,143.29,1.22,21.33,128780000.0,-9750000.0,0.36,-0.09550000000000002,0.0,44.9,36.45,40.41,40.29,48310.0,69180.0,34280000.0,24740000.0,0.0,0.0,0.0,0.0,0.0,0.0,0.0,0.77,0.0199,0.0,0.0199,0.0,1.0625,0,03 jul. 2019,0.0,0.0,Industrials
63,"MAPFRE, S.A. (MAP.MC)",MAP.MC,6210000000.0,3850000000.0,10.08,6.72,0.91,0.29,0.67,0.18,2.79,31 dic. 2019,31 dic. 2019,0.028300000000000002,0.05940000000000001,0.011399999999999999,0.099,21540000000.0,7.07,0.0,6840000000.0,1380000000.0,609240000.0,0.2,0.0,6160000000.0,2.11,2970000000.0,29.42,0.6,3.03,-36640000.0,5980000000.0,1.1,-0.2039,0.0,2.749,1.9575,2.3402,2.4464,6240000.0,8150000.0,3080000000.0,928750000.0,0.0,0.0,0.0,0.0,0.0,0.0,0.0,0.15,0.0739,0.0,0.073,0.0,0.7329000000000001,0,19 dic. 2019,0.0,0.0,Financial Services
64,"MERLIN PROPERTIES SOCIMI, S.A. (MRL.MC)",MRL.MC,5510000000.0,10440000000.0,9.88,17.69,2.32,10.64,0.79,20.18,27.75,31 dic. 2019,31 dic. 2019,1.0888,0.723,0.0181,0.086,517650000.0,1.11,0.0,517650000.0,376410000.0,563640000.0,1.2,0.0,254020000.0,0.57,5590000000.0,83.39,1.42,15.0,294860000.0,344130000.0,0.0,0.0479,0.0,13.57,11.26,12.81,12.75,886000.0,1760000.0,464690000.0,444700000.0,0.0,0.0,0.0,0.0,0.0,0.0,0.0,0.5,0.0438,0.0,0.042699999999999995,0.0,0.4167,0,18 oct. 2019,0.0,0.0,Real Estate
65,0,AXIA.MC,0.0,0.0,0.0,0.0,0.0,0.0,0.0,0.0,0.0,0,0,0.0,0.0,0.0,0.0,0.0,0.0,0.0,0.0,0.0,0.0,0.0,0.0,0.0,0.0,0.0,0.0,0.0,0.0,0.0,0.0,0.0,0.0,0.0,0.0,0.0,0.0,0.0,0.0,0.0,0.0,0.0,0.0,0.0,0.0,0.0,0.0,0.0,0.0,0.0,0.0,0.0,0.0,0.0,0.0,0,0,0.0,0.0,0
66,0,HIS.MC,0.0,0.0,0.0,0.0,0.0,0.0,0.0,0.0,0.0,0,0,0.0,0.0,0.0,0.0,0.0,0.0,0.0,0.0,0.0,0.0,0.0,0.0,0.0,0.0,0.0,0.0,0.0,0.0,0.0,0.0,0.0,0.0,0.0,0.0,0.0,0.0,0.0,0.0,0.0,0.0,0.0,0.0,0.0,0.0,0.0,0.0,0.0,0.0,0.0,0.0,0.0,0.0,0.0,0.0,0,0,0.0,0.0,0
67,NICOLAS CORREA (NEA.MC),NEA.MC,51620000.0,47630000.0,6.42,0.0,0.0,0.69,0.96,0.64,4.92,31 dic. 2019,31 dic. 2019,0.1079,0.1097,0.060300000000000006,0.16140000000000002,74610000.0,6.08,0.0,40560000.0,9680000.0,8050000.000000001,0.656,0.0,12950000.0,1.07,8930000.0,16.6,1.87,4.38,7630000.0,6900000.0,0.0,-0.0322,0.0,5.78,3.38,5.1666,4.4039,29500.0,47100.0,12260000.0,7530000.0,0.0,0.0,0.0,0.0,0.0,0.0,0.0,0.15,0.032799999999999996,0.0,0.0,0.0,0.2347,0,06 jun. 2019,0.0,0.0,Industrials
68,"ADOLFO DOMINGUEZ, S.A. (ADZ.MC)",ADZ.MC,52130000.0,81280000.0,95.25,0.0,0.0,0.46,1.03,0.72,35.99,28 feb. 2019,30 nov. 2019,0.0048,0.0113,0.009000000000000001,0.0126,112680000.0,12.22,0.0,62880000.0,2260000.0,539470.0,0.06,0.0,5060000.0,0.55,33750000.0,65.92,1.68,5.47,0.0,0.0,0.95,-0.28500000000000003,0.0,8.74,5.44,6.44,6.92,4300.0,5680.0,9280000.0,2600000.0,0.0,0.0,0.0,0.0,0.0,0.0,0.0,0.0,0.0,0.0,0.0,0.0,0.0,0,28 jul. 2010,0.0,0.0,0
69,"REALIA BUSINESS, S.A. (RLIA.MC)",RLIA.MC,703290000.0,1450000000.0,15.65,0.0,0.0,5.78,0.67,11.93,24.64,31 dic. 2019,31 dic. 2019,0.3685,0.48119999999999996,0.0175,0.0479,121780000.0,0.15,0.0,82960000.0,58930000.0,44880000.0,0.055,0.0,75890000.0,0.09,596290000.0,46.57,6.15,1.28,44580000.0,13430000.0,0.0,-0.1235,0.0,0.998,0.827,0.8973,0.9104,130949.99999999999,153720.0,816830000.0,233740000.0,0.0,0.0,0.0,0.0,0.0,0.0,0.0,0.0,0.0,0.0,0.0,0.0,0.0,0,19 jun. 2008,0.0,0.0,Real Estate
70,0,PAC.MC,0.0,0.0,0.0,0.0,0.0,0.0,0.0,0.0,0.0,0,0,0.0,0.0,0.0,0.0,0.0,0.0,0.0,0.0,0.0,0.0,0.0,0.0,0.0,0.0,0.0,0.0,0.0,0.0,0.0,0.0,0.0,0.0,0.0,0.0,0.0,0.0,0.0,0.0,0.0,0.0,0.0,0.0,0.0,0.0,0.0,0.0,0.0,0.0,0.0,0.0,0.0,0.0,0.0,0.0,0,0,0.0,0.0,0
71,TECNICAS REUNIDAS S.A. (TRE.MC),TRE.MC,1070000000.0000001,0.0,33.24,10.42,1.21,0.23,3.09,0.0,0.0,31 dic. 2019,31 dic. 2019,-0.0019,0.014499999999999999,0.0106,-0.0291,4710000000.0,0.0,0.0,1030000000.0,84960000.0,-9200000.0,0.6,0.0,952800000.0,0.0,582300000.0,176.45,1.03,6.45,0.0,0.0,0.0,-0.1972,0.0,27.24,19.53,22.05,22.61,144440.0,267060.0,53710000.0,0.0,0.0,0.0,0.0,0.0,0.0,0.0,0.0,0.0,0.0,0.0,0.0365,0.0,0.0,0,11 jul. 2018,0.0,0.0,Industrials
72,CODERE S.A. (CDR.MC),CDR.MC,288120000.0,1140000000.0,0.0,0.0,0.0,0.21,0.0,0.82,4.14,31 dic. 2019,31 dic. 2019,-0.0444,0.0609,0.0342,-0.9269,1390000000.0,11.94,0.0,1150000000.0,274630000.0,-61650000.0,-0.53,0.0,103100000.0,0.93,897300000.0,0.0,0.81,-0.34,251960000.0,117510000.0,0.0,-0.3497,0.0,4.01,2.33,2.6551,2.9947,18590.0,14480.0,118320000.0,40250000.0,0.0,0.0,0.0,0.0,0.0,0.0,0.0,0.0,0.0,0.0,0.0,0.0,0.0,0,0,0.0,0.0,Consumer Cyclical
73,BANCO BILBAO VIZCAYA ARGENTARIA (BBVA.MC),BBVA.MC,28830000000.0,17059999999.999998,9.3,5.76,0.69,1.39,0.34,0.82,0.0,31 dic. 2019,31 dic. 2019,0.16920000000000002,0.4131,0.0063,0.0806,20760000000.0,3.12,0.0,20760000000.0,0.0,3090000000.0,0.465,0.0,118870000000.0,30.68,113260000000.0,0.0,0.0,12.57,-8210000000.000001,0.0,1.29,-0.20370000000000002,0.0,5.679,4.142,4.8656,4.7822,24420000.0,44140000.0,6670000000.0,3870000000.0,0.0,0.0,0.0,0.0,0.0,0.0,0.0,0.26,0.060700000000000004,0.0,0.061200000000000004,0.0,0.5532,0,07 abr. 2020,0.0,0.0,Financial Services
74,"TALGO, S.A. (TLGO.MC)",TLGO.MC,650120000.0,617650000.0,17.43,11.13,28.78,1.61,2.21,1.53,9.26,31 dic. 2019,31 dic. 2019,0.095,0.1257,0.0356,0.1241,404830000.0,3.16,0.0,252020000.0,66690000.0,38470000.0,0.3,0.0,335680000.0,2.62,285300000.0,97.8,1.99,2.37,46370000.0,28150000.0,0.0,-0.134,0.0,6.42,4.52,5.92,5.67,207640.0,423830.0,124310000.0,76000000.0,0.0,0.0,0.0,0.0,0.0,0.0,0.0,0.0,0.0,0.0,0.0,0.0,0.0,0,14 jun. 2017,0.0,0.0,0
75,"VISCOFAN, S.A. (VIS.MC)",VIS.MC,2340000000.0,0.0,21.82,17.86,6.51,2.74,3.0,0.0,0.0,31 dic. 2019,31 dic. 2019,0.1233,0.1516,0.0766,0.1369,856050000.0,0.0,0.0,584390000.0,200460000.0,105580000.0,2.32,0.0,52190000.0,0.0,93910000.0,11.97,3.35,16.88,177930000.0,109250000.0,0.0,-0.1058,0.0,56.55,40.12,49.68,46.63,89330.0,189870.0,46350000.0,0.0,0.0,0.0,0.0,0.0,0.0,0.0,0.0,1.6,0.032799999999999996,0.0,0.0191,0.0,0.7041,0,17 dic. 2019,0.0,0.0,0
76,0,CPL.MC,0.0,0.0,0.0,0.0,0.0,0.0,0.0,0.0,0.0,0,0,0.0,0.0,0.0,0.0,0.0,0.0,0.0,0.0,0.0,0.0,0.0,0.0,0.0,0.0,0.0,0.0,0.0,0.0,0.0,0.0,0.0,0.0,0.0,0.0,0.0,0.0,0.0,0.0,0.0,0.0,0.0,0.0,0.0,0.0,0.0,0.0,0.0,0.0,0.0,0.0,0.0,0.0,0.0,0.0,0,0,0.0,0.0,0
77,ALMIRALL S.A. (ALM.MC),ALM.MC,2170000000.0,2490000000.0,20.73,23.04,1.14,2.54,1.68,2.92,8.6,31 dic. 2019,31 dic. 2019,0.12380000000000001,0.188,0.041600000000000005,0.0857,855340000.0,4.93,0.0,662870000.0,290200000.0,105910000.0,0.6,0.0,118980000.0,0.69,500370000.0,39.09,1.51,7.39,276150000.0,126670000.0,0.21,-0.2236,0.0,18.5,11.43,13.66,15.28,362140.0,645650.0,174560000.0,69330000.0,0.0,0.0,0.0,0.0,0.0,0.0,0.0,0.2,0.016200000000000003,0.0,0.015600000000000001,0.0,0.33,0,15 may. 2019,0.0,0.0,Healthcare
78,0,FRS.MC,0.0,0.0,0.0,0.0,0.0,0.0,0.0,0.0,0.0,0,0,0.0,0.0,0.0,0.0,0.0,0.0,0.0,0.0,0.0,0.0,0.0,0.0,0.0,0.0,0.0,0.0,0.0,0.0,0.0,0.0,0.0,0.0,0.0,0.0,0.0,0.0,0.0,0.0,0.0,0.0,0.0,0.0,0.0,0.0,0.0,0.0,0.0,0.0,0.0,0.0,0.0,0.0,0.0,0.0,0,0,0.0,0.0,0
79,0,SAY.MC,0.0,0.0,0.0,0.0,0.0,0.0,0.0,0.0,0.0,0,0,0.0,0.0,0.0,0.0,0.0,0.0,0.0,0.0,0.0,0.0,0.0,0.0,0.0,0.0,0.0,0.0,0.0,0.0,0.0,0.0,0.0,0.0,0.0,0.0,0.0,0.0,0.0,0.0,0.0,0.0,0.0,0.0,0.0,0.0,0.0,0.0,0.0,0.0,0.0,0.0,0.0,0.0,0.0,0.0,0,0,0.0,0.0,0
80,"MONTEBALITO, S.A. (MTB.MC)",MTB.MC,44400000.0,56280000.0,0.0,0.0,0.0,4.8,0.47,6.08,-439.66,31 dic. 2018,30 sept. 2019,-0.0325,-0.0192,-0.0009,-0.0032,9260000.0,0.3,0.0,2870000.0,-128000.0,-301000.0,-0.01,0.0,4000000.0,0.13,14940000.0,15.98,11.82,2.99,0.0,0.0,0.87,0.0126,0.0,1.99,1.26,1.704,1.6663,59310.0,7660.0,31600000.0,6070000.0,0.0,0.0,0.0,0.0,0.0,0.0,0.0,0.0,0.0,0.0,0.0,0.0,0.0,0,16 oct. 2017,0.0,0.0,Real Estate
81,"URBAS GRUPO FINANCIERO, S.A. (UBS.MC)",UBS.MC,234730000.0,423160000.0,0.0,0.0,0.0,39.53,0.76,71.26,384.34,31 dic. 2019,31 dic. 2019,0.18660000000000002,0.1521,0.001,0.0034999999999999996,5940000.0,0.0,0.0,3980000.0,1100000.0,1110000.0,0.0,0.0,324000.0,0.0,187940000.0,58.56,2.49,0.01,105000.0,-1230000.0,3.09,-0.15380000000000002,0.0,0.0108,0.0064,0.0073,0.0073,14150000.0,12740000.0,34520000000.0,4960000000.0,0.0,0.0,0.0,0.0,0.0,0.0,0.0,0.0,0.0,0.0,0.0,0.0,0.0,0,03 jul. 1990,0.0,0.0,Real Estate
82,"ACERINOX, S.A. (ACX.MC)",ACX.MC,2340000000.0,2830000000.0,0.0,9.19,0.49,0.49,1.24,0.59,7.88,31 dic. 2019,31 dic. 2019,-0.0125,0.0385,0.0255,-0.0337,4780000000.0,17.65,0.0,1440000000.0,359300000.0,-59550000.0,-0.22,0.0,878010000.0,3.26,1370000000.0,71.1,2.03,6.95,358720000.0,162470000.0,0.0,-0.0928,0.0,10.23,6.94,9.2,8.89,859930.0,1150000.0,270550000.0,157890000.0,0.0,0.0,0.0,0.0,0.0,0.0,0.0,0.4,0.04730000000000001,0.0,0.057999999999999996,0.0,0.3945,0,03 jul. 2019,0.0,0.0,Basic Materials
83,INDUSTRIA DE DISE\O TEXTIL S.A. (ITX.MC),ITX.MC,88260000000.0,85980000000.0,23.7,0.0,0.0,3.21,6.32,3.12,14.18,31 ene. 2019,31 oct. 2019,0.1354,0.17559999999999998,0.1168,0.2699,27530000000.0,8.84,0.0,14350000000.0,6060000000.0,3730000000.0,1.2,0.0,7800000000.0,2.5,6810000000.0,48.62,1.34,4.49,0.0,0.0,0.87,0.0395,0.0,32.28,23.77,30.89,29.22,3130000.0,5920000.0,3110000000.0,1110000000.0,0.0,0.0,0.0,0.0,0.0,0.0,0.0,0.66,0.0236,0.0,0.0236,0.0,0.5514,0,31 oct. 2019,0.0,0.0,0
84,"AZKOYEN, S.A. (AZK.MC)",AZK.MC,144860000.0,146930000.0,9.01,0.0,0.0,0.99,1.61,1.01,5.72,31 dic. 2019,31 dic. 2019,0.11019999999999999,0.1326,0.0762,0.151,145820000.0,5.98,0.0,96020000.0,25660000.0,16079999.999999998,0.66,0.0,15550000.0,0.64,17530000.0,17.5,1.79,3.69,23880000.0,17760000.0,0.0,-0.21050000000000002,0.0,8.8,5.58,6.18,6.6,10480.0,17020.0,24390000.0,10740000.0,0.0,0.0,0.0,0.0,0.0,0.0,0.0,0.19,0.0323,0.0,0.0227,0.0,0.29510000000000003,0,17 jun. 2019,0.0,0.0,Industrials
85,"LINGOTES ESPECIALES, S.A. (LGT.MC)",LGT.MC,134500000.0,147030000.0,16.2,0.0,0.0,1.21,3.18,1.32,8.89,31 dic. 2018,30 jun. 2019,0.0745,0.0984,0.073,0.1998,111610000.0,11.15,0.0,63320000.0,16530000.000000002,8310000.000000001,0.83,0.0,6310000.0,0.63,21340000.0,50.5,1.12,4.23,12380000.0,3100000.0,1.05,-0.1081,0.0,17.0,12.85,13.44,13.62,14230.0,6970.0,10000000.0,7560000.0,0.0,0.0,0.0,0.0,0.0,0.0,0.0,0.7,0.05280000000000001,0.0,0.053,0.0,0.9037000000000001,0,04 jun. 2019,0.0,0.0,0
86,"ORYZON GENOMICS, S.A. (ORY.MC)",ORY.MC,129500000.0,0.0,0.0,-11.96,0.0,12.6,1.79,0.0,0.0,31 dic. 2019,31 dic. 2019,-0.35850000000000004,-0.3741,-0.0326,-0.0694,10280000.0,0.0,0.0,9850000.0,-3700000.0,-3680000.0,-0.09,0.0,35250000.0,0.0,9480000.0,15.5,3.58,1.6,-3930000.0,-10800000.0,0.0,-0.23879999999999998,0.0,4.465,2.48,3.1214,2.866,305440.0,337280.0,45120000.0,0.0,0.0,0.0,0.0,0.0,0.0,0.0,0.0,0.0,0.0,0.0,0.0,0.0,0.0,0,0,0.0,0.0,0
87,BANCO SANTANDER S.A. (SAN.MC),SAN.MC,54580000000.0,189450000000.0,9.1,0.0,0.0,1.33,0.55,4.63,0.0,31 dic. 2019,31 dic. 2019,0.1592,0.3457,0.0054,0.0745,40940000000.0,2.5,0.0,40940000000.0,0.0,5920000000.0,0.361,0.0,206190000000.0,12.41,331310000000.0,0.0,0.0,6.03,3390000000.0,0.0,1.44,-0.2372,0.0,4.682,3.1635,3.6784,3.6731,56280000.0,94640000.0,16620000000.000002,16430000000.0,0.0,0.0,0.0,0.0,0.0,0.0,0.0,0.2,0.061399999999999996,0.0,0.0618,0.0,0.6371,0,30 abr. 2020,0.0,0.0,0
88,TUBOS REUNIDOS S.A. (TRG.MC),TRG.MC,31550000.0,265769999.99999997,0.0,0.0,0.0,0.11,0.38,0.89,-88.35,31 dic. 2018,30 sept. 2019,-0.1503,-0.0849,-0.0304,-0.4729,300030000.0,1.72,0.0,196550000.0,-3010000.0,-44600000.0,-0.259,0.0,18720000.0,0.11,252120000.0,305.51,0.76,0.47,0.0,0.0,3.17,-0.2883,0.0,0.31,0.1702,0.1987,0.2073,575570.0,442340.0,173910000.0,127660000.0,0.0,0.0,0.0,0.0,0.0,0.0,0.0,0.0,0.0,0.0,0.0,0.0,0.0,0,18 jun. 2015,0.0,0.0,Basic Materials
89,"TUBACEX, S.A. (TUB.MC)",TUB.MC,272200000.0,560900000.0,22.39,0.0,0.0,0.43,0.95,0.88,9.81,31 dic. 2018,30 sept. 2019,0.0191,0.0366,0.0148,0.04730000000000001,637430000.0,4.92,0.0,302090000.0,57200000.0,12190000.0,0.094,0.0,153200000.0,1.18,427300000.0,144.75,1.04,2.21,0.0,0.0,1.34,-0.298,0.0,3.01,2.09,2.5499,2.711,175300.0,556130.0,129310000.0,102540000.0,0.0,0.0,0.0,0.0,0.0,0.0,0.0,0.05,0.021400000000000002,0.0,0.0236,0.0,0.489,0,30 may. 2019,0.0,0.0,Basic Materials
90,"ENAGAS,S.A. (ENG.MC)",ENG.MC,6260000000.0,10070000000.0,13.53,13.37,7.71,5.43,1.99,8.73,11.91,31 dic. 2019,31 dic. 2019,0.3665,0.5071,0.0398,0.1379,1150000000.0,4.83,0.0,1100000000.0,845670000.0,422620000.0,1.77,0.0,1110000000.0,4.23,4980000000.0,157.09,2.97,12.06,761900000.0,687660000.0,0.31,-0.049800000000000004,0.0,27.22,18.8,24.43,22.3,1690000.0,2160000.0,261490000.0,233930000.0,0.0,0.0,0.0,0.0,0.0,0.0,0.0,1.56,0.0665,0.0,0.0677,0.0,0.8808,0,19 dic. 2019,0.0,0.0,Utilities
91,"ACS,ACTIVIDADES DE CONSTRUCCION (ACS.MC)",ACS.MC,8240000000.0,10330000000.0,8.65,9.53,6.22,0.21,1.87,0.26,4.06,31 dic. 2019,31 dic. 2019,0.0246,0.0403,0.027000000000000003,0.12380000000000001,39050000000.0,126.99,0.0,10670000000.0,2540000000.0,962000000.0,3.13,0.0,9430000000.0,30.81,10490000000.0,190.85,1.01,14.44,1720000000.0,3060000000.0,1.28,-0.3315,0.0,40.97,26.1,30.99,34.16,1110000.0,2290000.0,304370000.0,247170000.0,0.0,0.0,0.0,0.0,0.0,0.0,0.0,1.9,0.0709,0.0,0.08750000000000001,0.0,0.6061,0,18 feb. 2020,0.0,0.0,Industrials
92,INTL CONSOLIDATED AIRLINES GROU (IAG.MC),IAG.MC,10640000000.0,17460000000.0,6.29,4.49,1.53,0.42,1.54,0.69,4.23,31 dic. 2019,31 dic. 2019,0.0672,0.1295,0.06480000000000001,0.2532,25510000000.0,12.85,0.0,7260000000.0,4130000000.0,1720000000.0,0.84,0.0,6640000000.0,3.35,14250000000.0,208.73,0.89,3.44,4000000000.0,272620000.0,0.85,-0.2018,0.0,8.02,4.5,7.13,6.3,3470000.0,7950000.0,1990000000.0,1480000000.0,0.0,0.0,0.0,0.0,0.0,0.0,0.0,0.34,0.06849999999999999,0.0,0.0592,0.0,0.3677,0,02 jul. 2020,0.0,0.0,0
93,"PRIM, S.A. (PRM.MC)",PRM.MC,188990000.0,191860000.0,15.74,0.0,0.0,1.29,1.76,1.31,9.8,31 dic. 2018,30 sept. 2019,0.0835,0.1121,0.0703,0.1137,146040000.0,8.43,0.0,70940000.0,19580000.0,12190000.0,0.7,0.0,10280000.0,0.59,9580000.0,8.85,3.26,6.24,0.0,0.0,0.27,-0.0263,0.0,12.5,10.55,11.66,11.31,4500.0,3040.0,17330000.0,8039999.999999999,0.0,0.0,0.0,0.0,0.0,0.0,0.0,0.58,0.0521,0.0,0.0422,0.0,0.8256,0,14 ene. 2020,0.0,0.0,0
94,0,INY.MC,0.0,0.0,0.0,0.0,0.0,0.0,0.0,0.0,0.0,0,0,0.0,0.0,0.0,0.0,0.0,0.0,0.0,0.0,0.0,0.0,0.0,0.0,0.0,0.0,0.0,0.0,0.0,0.0,0.0,0.0,0.0,0.0,0.0,0.0,0.0,0.0,0.0,0.0,0.0,0.0,0.0,0.0,0.0,0.0,0.0,0.0,0.0,0.0,0.0,0.0,0.0,0.0,0.0,0.0,0,0,0.0,0.0,0
95,"MEDIASET ESPANA COMUNICACION, S (TL5.MC)",TL5.MC,1370000000.0,1420000000.0,6.75,6.72,3.64,1.46,1.5,1.52,5.06,31 dic. 2019,31 dic. 2019,0.2255,0.2821,0.1264,0.2348,939000000.0,2.87,0.0,476230000.0,281680000.0,211710000.0,0.647,0.0,130620000.0,0.42,181240000.0,19.79,1.56,2.91,359480000.0,115010000.0,0.94,-0.3743,0.0,7.122,4.3,5.0734,5.5768,508720.0,1390000.0,313170000.0,143360000.0,0.0,0.0,0.0,0.0,0.0,0.0,0.0,0.32,0.06910000000000001,0.0,0.0717,0.0,0.4855,0,26 abr. 2019,0.0,0.0,Communication Services
